{"class0": {"cap-shape": 3.2661596958174903, "cap-surface": 1.6159695817490494, "cap-color": 4.581749049429658, "bruises": 0.6539923954372624, "odor": 4.334600760456274, "gill-attachment": 0.9543726235741445, "gill-spacing": 0.28517110266159695, "gill-size": 0.06844106463878327, "gill-color": 6.6226235741444865, "stalk-shape": 0.6159695817490495, "stalk-root": 1.4980988593155893, "stalk-surface-above-ring": 1.7756653992395437, "stalk-surface-below-ring": 1.7984790874524714, "stalk-color-above-ring": 6.098859315589354, "stalk-color-below-ring": 6.064638783269962, "veil-type": 0.0, "veil-color": 1.9315589353612168, "ring-number": 1.1254752851711027, "ring-type": 3.0076045627376424, "spore-print-color": 3.2015209125475286, "population": 3.283269961977186, "habitat": 1.1482889733840305}, "class1": {"cap-shape": 3.2661596958174903, "cap-surface": 1.6159695817490494, "cap-color": 4.581749049429658, "bruises": 0.6539923954372624, "odor": 4.334600760456274, "gill-attachment": 0.9543726235741445, "gill-spacing": 0.28517110266159695, "gill-size": 0.06844106463878327, "gill-color": 6.6226235741444865, "stalk-shape": 0.6159695817490495, "stalk-root": 1.4980988593155893, "stalk-surface-above-ring": 1.7756653992395437, "stalk-surface-below-ring": 1.7984790874524714, "stalk-color-above-ring": 6.098859315589354, "stalk-color-below-ring": 6.064638783269962, "veil-type": 0.0, "veil-color": 1.9315589353612168, "ring-number": 1.1254752851711027, "ring-type": 3.0076045627376424, "spore-print-color": 3.2015209125475286, "population": 3.283269961977186, "habitat": 1.1482889733840305}}